expr,time,name,bench_param,suite
RBC,8806357,bounce_nonames_simple,NA,areWeFast
RBC,8452249,bounce_nonames_simple,NA,areWeFast
RBC,10124457,bounce_nonames_simple,NA,areWeFast
RBC,8084532,bounce_nonames_simple,NA,areWeFast
RBC,8618784,bounce_nonames_simple,NA,areWeFast
RBC,10167354,bounce_nonames_simple,NA,areWeFast
RBC,8444623,bounce_nonames_simple,NA,areWeFast
RBC,9763830,bounce_nonames_simple,NA,areWeFast
RBC,8173418,bounce_nonames_simple,NA,areWeFast
RBC,8319781,bounce_nonames_simple,NA,areWeFast
RBC,9998942,bounce_nonames_simple,NA,areWeFast
RBC,8469155,bounce_nonames_simple,NA,areWeFast
RBC,9755261,bounce_nonames_simple,NA,areWeFast
RBC,9946042,bounce_nonames_simple,NA,areWeFast
RBC,8374470,bounce_nonames_simple,NA,areWeFast
RSH,10030312,bounce_nonames_simple,NA,areWeFast
RSH,8285394,bounce_nonames_simple,NA,areWeFast
RSH,8426523,bounce_nonames_simple,NA,areWeFast
RSH,9670348,bounce_nonames_simple,NA,areWeFast
RSH,8261235,bounce_nonames_simple,NA,areWeFast
RSH,8353562,bounce_nonames_simple,NA,areWeFast
RSH,9565799,bounce_nonames_simple,NA,areWeFast
RSH,8488485,bounce_nonames_simple,NA,areWeFast
RSH,9787845,bounce_nonames_simple,NA,areWeFast
RSH,8470747,bounce_nonames_simple,NA,areWeFast
RSH,8420576,bounce_nonames_simple,NA,areWeFast
RSH,9751190,bounce_nonames_simple,NA,areWeFast
RSH,8407151,bounce_nonames_simple,NA,areWeFast
RSH,9850689,bounce_nonames_simple,NA,areWeFast
RSH,8277985,bounce_nonames_simple,NA,areWeFast
RBC,8250982,bounce_nonames,NA,areWeFast
RBC,8094751,bounce_nonames,NA,areWeFast
RBC,9125716,bounce_nonames,NA,areWeFast
RBC,7915858,bounce_nonames,NA,areWeFast
RBC,7997762,bounce_nonames,NA,areWeFast
RBC,8871284,bounce_nonames,NA,areWeFast
RBC,7961449,bounce_nonames,NA,areWeFast
RBC,9005116,bounce_nonames,NA,areWeFast
RBC,7868583,bounce_nonames,NA,areWeFast
RBC,8085717,bounce_nonames,NA,areWeFast
RBC,9149048,bounce_nonames,NA,areWeFast
RBC,7995910,bounce_nonames,NA,areWeFast
RBC,8012240,bounce_nonames,NA,areWeFast
RBC,9421497,bounce_nonames,NA,areWeFast
RBC,8008820,bounce_nonames,NA,areWeFast
RSH,9937778,bounce_nonames,NA,areWeFast
RSH,8677226,bounce_nonames,NA,areWeFast
RSH,8813255,bounce_nonames,NA,areWeFast
RSH,10116898,bounce_nonames,NA,areWeFast
RSH,8712388,bounce_nonames,NA,areWeFast
RSH,8850498,bounce_nonames,NA,areWeFast
RSH,10220891,bounce_nonames,NA,areWeFast
RSH,8818588,bounce_nonames,NA,areWeFast
RSH,10321246,bounce_nonames,NA,areWeFast
RSH,8692243,bounce_nonames,NA,areWeFast
RSH,8897291,bounce_nonames,NA,areWeFast
RSH,10221264,bounce_nonames,NA,areWeFast
RSH,8886964,bounce_nonames,NA,areWeFast
RSH,10285456,bounce_nonames,NA,areWeFast
RSH,8706117,bounce_nonames,NA,areWeFast
RBC,31674962,bounce,NA,areWeFast
RBC,31244994,bounce,NA,areWeFast
RBC,31239964,bounce,NA,areWeFast
RBC,29128006,bounce,NA,areWeFast
RBC,31100073,bounce,NA,areWeFast
RBC,31264240,bounce,NA,areWeFast
RBC,29744530,bounce,NA,areWeFast
RBC,30852097,bounce,NA,areWeFast
RBC,30512259,bounce,NA,areWeFast
RBC,33976331,bounce,NA,areWeFast
RBC,34342551,bounce,NA,areWeFast
RBC,33410755,bounce,NA,areWeFast
RBC,33550574,bounce,NA,areWeFast
RBC,31225353,bounce,NA,areWeFast
RBC,32613937,bounce,NA,areWeFast
RSH,32988127,bounce,NA,areWeFast
RSH,32681511,bounce,NA,areWeFast
RSH,32277263,bounce,NA,areWeFast
RSH,44068318,bounce,NA,areWeFast
RSH,38315614,bounce,NA,areWeFast
RSH,33517129,bounce,NA,areWeFast
RSH,31669215,bounce,NA,areWeFast
RSH,34429991,bounce,NA,areWeFast
RSH,33678361,bounce,NA,areWeFast
RSH,31997803,bounce,NA,areWeFast
RSH,33326067,bounce,NA,areWeFast
RSH,33816300,bounce,NA,areWeFast
RSH,34290033,bounce,NA,areWeFast
RSH,31952668,bounce,NA,areWeFast
RSH,34193505,bounce,NA,areWeFast
RBC,431549323,mandelbrot,300,areWeFast
RBC,413547038,mandelbrot,300,areWeFast
RBC,434707046,mandelbrot,300,areWeFast
RBC,418190804,mandelbrot,300,areWeFast
RBC,470551661,mandelbrot,300,areWeFast
RBC,458623429,mandelbrot,300,areWeFast
RBC,411878839,mandelbrot,300,areWeFast
RBC,458298567,mandelbrot,300,areWeFast
RBC,424591700,mandelbrot,300,areWeFast
RBC,427826250,mandelbrot,300,areWeFast
RBC,425083158,mandelbrot,300,areWeFast
RBC,422810449,mandelbrot,300,areWeFast
RBC,414558459,mandelbrot,300,areWeFast
RBC,423942137,mandelbrot,300,areWeFast
RBC,422680238,mandelbrot,300,areWeFast
RSH,562949431,mandelbrot,300,areWeFast
RSH,565779886,mandelbrot,300,areWeFast
RSH,568527596,mandelbrot,300,areWeFast
RSH,562080076,mandelbrot,300,areWeFast
RSH,570557855,mandelbrot,300,areWeFast
RSH,578094310,mandelbrot,300,areWeFast
RSH,565544511,mandelbrot,300,areWeFast
RSH,558446758,mandelbrot,300,areWeFast
RSH,560529965,mandelbrot,300,areWeFast
RSH,564041429,mandelbrot,300,areWeFast
RSH,570350718,mandelbrot,300,areWeFast
RSH,566299698,mandelbrot,300,areWeFast
RSH,567182002,mandelbrot,300,areWeFast
RSH,573749014,mandelbrot,300,areWeFast
RSH,570462306,mandelbrot,300,areWeFast
RBC,8111004,storage,NA,areWeFast
RBC,7801413,storage,NA,areWeFast
RBC,8726385,storage,NA,areWeFast
RBC,7469184,storage,NA,areWeFast
RBC,9135141,storage,NA,areWeFast
RBC,7733018,storage,NA,areWeFast
RBC,9346276,storage,NA,areWeFast
RBC,7437600,storage,NA,areWeFast
RBC,7639080,storage,NA,areWeFast
RBC,13319552,storage,NA,areWeFast
RBC,12071147,storage,NA,areWeFast
RBC,9345055,storage,NA,areWeFast
RBC,7766652,storage,NA,areWeFast
RBC,9546382,storage,NA,areWeFast
RBC,7668778,storage,NA,areWeFast
RSH,11836338,storage,NA,areWeFast
RSH,10268484,storage,NA,areWeFast
RSH,12194585,storage,NA,areWeFast
RSH,18445223,storage,NA,areWeFast
RSH,13867318,storage,NA,areWeFast
RSH,11594476,storage,NA,areWeFast
RSH,10118782,storage,NA,areWeFast
RSH,11728340,storage,NA,areWeFast
RSH,12445387,storage,NA,areWeFast
RSH,10429617,storage,NA,areWeFast
RSH,11888405,storage,NA,areWeFast
RSH,12314345,storage,NA,areWeFast
RSH,10119526,storage,NA,areWeFast
RSH,11647547,storage,NA,areWeFast
RSH,12007043,storage,NA,areWeFast
RBC,2479125420,convolution_slow,1500,RealThing
RBC,2466893992,convolution_slow,1500,RealThing
RBC,2464838897,convolution_slow,1500,RealThing
RBC,2473657232,convolution_slow,1500,RealThing
RBC,2490696290,convolution_slow,1500,RealThing
RBC,2478338709,convolution_slow,1500,RealThing
RBC,2461783868,convolution_slow,1500,RealThing
RBC,2499355466,convolution_slow,1500,RealThing
RBC,2489886560,convolution_slow,1500,RealThing
RBC,2544018347,convolution_slow,1500,RealThing
RBC,2487877628,convolution_slow,1500,RealThing
RBC,2483675259,convolution_slow,1500,RealThing
RBC,2479157207,convolution_slow,1500,RealThing
RBC,2534893929,convolution_slow,1500,RealThing
RBC,2506556873,convolution_slow,1500,RealThing
RSH,2534300078,convolution_slow,1500,RealThing
RSH,2556996188,convolution_slow,1500,RealThing
RSH,2540740918,convolution_slow,1500,RealThing
RSH,2508585037,convolution_slow,1500,RealThing
RSH,2534132391,convolution_slow,1500,RealThing
RSH,2524309277,convolution_slow,1500,RealThing
RSH,2532516358,convolution_slow,1500,RealThing
RSH,2542134541,convolution_slow,1500,RealThing
RSH,2544736217,convolution_slow,1500,RealThing
RSH,2549860034,convolution_slow,1500,RealThing
RSH,2531009212,convolution_slow,1500,RealThing
RSH,2523547573,convolution_slow,1500,RealThing
RSH,2532269824,convolution_slow,1500,RealThing
RSH,2537922648,convolution_slow,1500,RealThing
RSH,2545633801,convolution_slow,1500,RealThing
RBC,488807950,convolution_v,1000,RealThing
RBC,492724871,convolution_v,1000,RealThing
RBC,524227640,convolution_v,1000,RealThing
RBC,480472445,convolution_v,1000,RealThing
RBC,478601612,convolution_v,1000,RealThing
RBC,492585147,convolution_v,1000,RealThing
RBC,469043384,convolution_v,1000,RealThing
RBC,500829168,convolution_v,1000,RealThing
RBC,493638705,convolution_v,1000,RealThing
RBC,512280059,convolution_v,1000,RealThing
RBC,470886315,convolution_v,1000,RealThing
RBC,497245073,convolution_v,1000,RealThing
RBC,508352445,convolution_v,1000,RealThing
RBC,517054448,convolution_v,1000,RealThing
RBC,488862713,convolution_v,1000,RealThing
RSH,544618638,convolution_v,1000,RealThing
RSH,510947450,convolution_v,1000,RealThing
RSH,551544904,convolution_v,1000,RealThing
RSH,523841383,convolution_v,1000,RealThing
RSH,515747928,convolution_v,1000,RealThing
RSH,534319319,convolution_v,1000,RealThing
RSH,508241767,convolution_v,1000,RealThing
RSH,510805775,convolution_v,1000,RealThing
RSH,510190231,convolution_v,1000,RealThing
RSH,523921427,convolution_v,1000,RealThing
RSH,533127457,convolution_v,1000,RealThing
RSH,521725019,convolution_v,1000,RealThing
RSH,509264064,convolution_v,1000,RealThing
RSH,541037167,convolution_v,1000,RealThing
RSH,514614635,convolution_v,1000,RealThing
RBC,305791252,convolution,500,RealThing
RBC,285829215,convolution,500,RealThing
RBC,355397881,convolution,500,RealThing
RBC,289888046,convolution,500,RealThing
RBC,250984563,convolution,500,RealThing
RBC,257785061,convolution,500,RealThing
RBC,250208995,convolution,500,RealThing
RBC,248862187,convolution,500,RealThing
RBC,241474227,convolution,500,RealThing
RBC,247161117,convolution,500,RealThing
RBC,248201085,convolution,500,RealThing
RBC,249844835,convolution,500,RealThing
RBC,243745065,convolution,500,RealThing
RBC,242509826,convolution,500,RealThing
RBC,242054649,convolution,500,RealThing
RSH,304776678,convolution,500,RealThing
RSH,304777655,convolution,500,RealThing
RSH,328364417,convolution,500,RealThing
RSH,327380238,convolution,500,RealThing
RSH,307491505,convolution,500,RealThing
RSH,362219037,convolution,500,RealThing
RSH,305544509,convolution,500,RealThing
RSH,299789476,convolution,500,RealThing
RSH,304547205,convolution,500,RealThing
RSH,312558981,convolution,500,RealThing
RSH,337693837,convolution,500,RealThing
RSH,296160103,convolution,500,RealThing
RSH,296129617,convolution,500,RealThing
RSH,305449755,convolution,500,RealThing
RSH,303969536,convolution,500,RealThing
RBC,13086394793,flexclust_no_s4,5,RealThing
RBC,12985196217,flexclust_no_s4,5,RealThing
RBC,12586270891,flexclust_no_s4,5,RealThing
RBC,12369864092,flexclust_no_s4,5,RealThing
RBC,12494056430,flexclust_no_s4,5,RealThing
RBC,12313165236,flexclust_no_s4,5,RealThing
RBC,12735280538,flexclust_no_s4,5,RealThing
RBC,12144169806,flexclust_no_s4,5,RealThing
RBC,12803263524,flexclust_no_s4,5,RealThing
RBC,12348428465,flexclust_no_s4,5,RealThing
RBC,12122481605,flexclust_no_s4,5,RealThing
RBC,12691342994,flexclust_no_s4,5,RealThing
RBC,12134384276,flexclust_no_s4,5,RealThing
RBC,12642800693,flexclust_no_s4,5,RealThing
RBC,12019588529,flexclust_no_s4,5,RealThing
RSH,12289744665,flexclust_no_s4,5,RealThing
RSH,11897527298,flexclust_no_s4,5,RealThing
RSH,11958453862,flexclust_no_s4,5,RealThing
RSH,12110760062,flexclust_no_s4,5,RealThing
RSH,11760257016,flexclust_no_s4,5,RealThing
RSH,12255737514,flexclust_no_s4,5,RealThing
RSH,13058109215,flexclust_no_s4,5,RealThing
RSH,11721020336,flexclust_no_s4,5,RealThing
RSH,12295856184,flexclust_no_s4,5,RealThing
RSH,12447325912,flexclust_no_s4,5,RealThing
RSH,12526792335,flexclust_no_s4,5,RealThing
RSH,12830278775,flexclust_no_s4,5,RealThing
RSH,12224760307,flexclust_no_s4,5,RealThing
RSH,12881593117,flexclust_no_s4,5,RealThing
RSH,12763497435,flexclust_no_s4,5,RealThing
RBC,12337298776,flexclust,5,RealThing
RBC,12546589293,flexclust,5,RealThing
RBC,12545614941,flexclust,5,RealThing
RBC,12106027381,flexclust,5,RealThing
RBC,12547461033,flexclust,5,RealThing
RBC,12300335169,flexclust,5,RealThing
RBC,12208232397,flexclust,5,RealThing
RBC,12468067274,flexclust,5,RealThing
RBC,12150616527,flexclust,5,RealThing
RBC,11856301012,flexclust,5,RealThing
RBC,12062509102,flexclust,5,RealThing
RBC,11685180807,flexclust,5,RealThing
RBC,12251221511,flexclust,5,RealThing
RBC,11998662980,flexclust,5,RealThing
RBC,11544034184,flexclust,5,RealThing
RSH,11678520891,flexclust,5,RealThing
RSH,11943534076,flexclust,5,RealThing
RSH,11694251263,flexclust,5,RealThing
RSH,11537791099,flexclust,5,RealThing
RSH,11184665594,flexclust,5,RealThing
RSH,11591860647,flexclust,5,RealThing
RSH,11821983552,flexclust,5,RealThing
RSH,11641466560,flexclust,5,RealThing
RSH,11727875478,flexclust,5,RealThing
RSH,11809361710,flexclust,5,RealThing
RSH,11448969312,flexclust,5,RealThing
RSH,12010299395,flexclust,5,RealThing
RSH,11848623553,flexclust,5,RealThing
RSH,11735061169,flexclust,5,RealThing
RSH,11633375733,flexclust,5,RealThing
RBC,27388515911,volcano,1,RealThing
RBC,27408261303,volcano,1,RealThing
RBC,27086959150,volcano,1,RealThing
RBC,27107456605,volcano,1,RealThing
RBC,26879520194,volcano,1,RealThing
RBC,27033606178,volcano,1,RealThing
RBC,26820044297,volcano,1,RealThing
RBC,26751855045,volcano,1,RealThing
RBC,27017933497,volcano,1,RealThing
RBC,26964324150,volcano,1,RealThing
RBC,27234089131,volcano,1,RealThing
RBC,27406772537,volcano,1,RealThing
RBC,27907591891,volcano,1,RealThing
RBC,32208769148,volcano,1,RealThing
RBC,29221469990,volcano,1,RealThing
RSH,47654552500,volcano,1,RealThing
RSH,38377531362,volcano,1,RealThing
RSH,36915702472,volcano,1,RealThing
RSH,36224041015,volcano,1,RealThing
RSH,35472898411,volcano,1,RealThing
RSH,35448983551,volcano,1,RealThing
RSH,35291346201,volcano,1,RealThing
RSH,35546132361,volcano,1,RealThing
RSH,35593687023,volcano,1,RealThing
RSH,35549408784,volcano,1,RealThing
RSH,35525165699,volcano,1,RealThing
RSH,35543058728,volcano,1,RealThing
RSH,35501580219,volcano,1,RealThing
RSH,35522026036,volcano,1,RealThing
RSH,35425860137,volcano,1,RealThing
RBC,108039956,binarytrees_2,9,binarytrees
RBC,105155529,binarytrees_2,9,binarytrees
RBC,112350609,binarytrees_2,9,binarytrees
RBC,129938324,binarytrees_2,9,binarytrees
RBC,137416906,binarytrees_2,9,binarytrees
RBC,126715091,binarytrees_2,9,binarytrees
RBC,123858993,binarytrees_2,9,binarytrees
RBC,118279992,binarytrees_2,9,binarytrees
RBC,118984115,binarytrees_2,9,binarytrees
RBC,119775211,binarytrees_2,9,binarytrees
RBC,114347128,binarytrees_2,9,binarytrees
RBC,116201845,binarytrees_2,9,binarytrees
RBC,131414097,binarytrees_2,9,binarytrees
RBC,126233270,binarytrees_2,9,binarytrees
RBC,123978775,binarytrees_2,9,binarytrees
RSH,292609690,binarytrees_2,9,binarytrees
RSH,302346893,binarytrees_2,9,binarytrees
RSH,322023404,binarytrees_2,9,binarytrees
RSH,291133738,binarytrees_2,9,binarytrees
RSH,285879395,binarytrees_2,9,binarytrees
RSH,289982591,binarytrees_2,9,binarytrees
RSH,286457126,binarytrees_2,9,binarytrees
RSH,288668707,binarytrees_2,9,binarytrees
RSH,348786550,binarytrees_2,9,binarytrees
RSH,321358528,binarytrees_2,9,binarytrees
RSH,291238329,binarytrees_2,9,binarytrees
RSH,293556700,binarytrees_2,9,binarytrees
RSH,298211773,binarytrees_2,9,binarytrees
RSH,287909555,binarytrees_2,9,binarytrees
RSH,301198895,binarytrees_2,9,binarytrees
RBC,134204555,binarytrees_naive,9,binarytrees
RBC,138765785,binarytrees_naive,9,binarytrees
RBC,119767757,binarytrees_naive,9,binarytrees
RBC,130884456,binarytrees_naive,9,binarytrees
RBC,116089076,binarytrees_naive,9,binarytrees
RBC,115687544,binarytrees_naive,9,binarytrees
RBC,119960142,binarytrees_naive,9,binarytrees
RBC,116855728,binarytrees_naive,9,binarytrees
RBC,118866361,binarytrees_naive,9,binarytrees
RBC,117023542,binarytrees_naive,9,binarytrees
RBC,115267948,binarytrees_naive,9,binarytrees
RBC,115784378,binarytrees_naive,9,binarytrees
RBC,120523484,binarytrees_naive,9,binarytrees
RBC,115296236,binarytrees_naive,9,binarytrees
RBC,123981330,binarytrees_naive,9,binarytrees
RSH,297507099,binarytrees_naive,9,binarytrees
RSH,287949156,binarytrees_naive,9,binarytrees
RSH,319868434,binarytrees_naive,9,binarytrees
RSH,279030591,binarytrees_naive,9,binarytrees
RSH,277175490,binarytrees_naive,9,binarytrees
RSH,287082978,binarytrees_naive,9,binarytrees
RSH,290660174,binarytrees_naive,9,binarytrees
RSH,293157872,binarytrees_naive,9,binarytrees
RSH,285580970,binarytrees_naive,9,binarytrees
RSH,283709296,binarytrees_naive,9,binarytrees
RSH,294075994,binarytrees_naive,9,binarytrees
RSH,296459146,binarytrees_naive,9,binarytrees
RSH,309647999,binarytrees_naive,9,binarytrees
RSH,297089078,binarytrees_naive,9,binarytrees
RSH,288543621,binarytrees_naive,9,binarytrees
RBC,116382646,binarytrees,9,binarytrees
RBC,120885587,binarytrees,9,binarytrees
RBC,149807008,binarytrees,9,binarytrees
RBC,134767949,binarytrees,9,binarytrees
RBC,123085363,binarytrees,9,binarytrees
RBC,122416213,binarytrees,9,binarytrees
RBC,123732952,binarytrees,9,binarytrees
RBC,133846983,binarytrees,9,binarytrees
RBC,125212225,binarytrees,9,binarytrees
RBC,128204011,binarytrees,9,binarytrees
RBC,123946122,binarytrees,9,binarytrees
RBC,132724939,binarytrees,9,binarytrees
RBC,132387156,binarytrees,9,binarytrees
RBC,137487379,binarytrees,9,binarytrees
RBC,129775263,binarytrees,9,binarytrees
RSH,308116209,binarytrees,9,binarytrees
RSH,323731205,binarytrees,9,binarytrees
RSH,298061229,binarytrees,9,binarytrees
RSH,293704495,binarytrees,9,binarytrees
RSH,299549279,binarytrees,9,binarytrees
RSH,295103498,binarytrees,9,binarytrees
RSH,293716991,binarytrees,9,binarytrees
RSH,296443656,binarytrees,9,binarytrees
RSH,295942019,binarytrees,9,binarytrees
RSH,293976835,binarytrees,9,binarytrees
RSH,295189371,binarytrees,9,binarytrees
RSH,302924659,binarytrees,9,binarytrees
RSH,301689715,binarytrees,9,binarytrees
RSH,300916851,binarytrees,9,binarytrees
RSH,314892411,binarytrees,9,binarytrees
RBC,1354243277,fannkuchredux_naive,9,fannkuch
RBC,1348880293,fannkuchredux_naive,9,fannkuch
RBC,1341628767,fannkuchredux_naive,9,fannkuch
RBC,1287219521,fannkuchredux_naive,9,fannkuch
RBC,1302809524,fannkuchredux_naive,9,fannkuch
RBC,1280477896,fannkuchredux_naive,9,fannkuch
RBC,1274303406,fannkuchredux_naive,9,fannkuch
RBC,1286641771,fannkuchredux_naive,9,fannkuch
RBC,1264869893,fannkuchredux_naive,9,fannkuch
RBC,1284060530,fannkuchredux_naive,9,fannkuch
RBC,1286416595,fannkuchredux_naive,9,fannkuch
RBC,1275850877,fannkuchredux_naive,9,fannkuch
RBC,1391976774,fannkuchredux_naive,9,fannkuch
RBC,1257258989,fannkuchredux_naive,9,fannkuch
RBC,1287778745,fannkuchredux_naive,9,fannkuch
RSH,2105873991,fannkuchredux_naive,9,fannkuch
RSH,2139064743,fannkuchredux_naive,9,fannkuch
RSH,2182286637,fannkuchredux_naive,9,fannkuch
RSH,2060503766,fannkuchredux_naive,9,fannkuch
RSH,2196713424,fannkuchredux_naive,9,fannkuch
RSH,2126818835,fannkuchredux_naive,9,fannkuch
RSH,2077895824,fannkuchredux_naive,9,fannkuch
RSH,2033719170,fannkuchredux_naive,9,fannkuch
RSH,2037371549,fannkuchredux_naive,9,fannkuch
RSH,2045872007,fannkuchredux_naive,9,fannkuch
RSH,2029940572,fannkuchredux_naive,9,fannkuch
RSH,2064677724,fannkuchredux_naive,9,fannkuch
RSH,2129940894,fannkuchredux_naive,9,fannkuch
RSH,2053056637,fannkuchredux_naive,9,fannkuch
RSH,2041987969,fannkuchredux_naive,9,fannkuch
RBC,2551997482,fannkuchredux,9,fannkuch
RBC,2559747603,fannkuchredux,9,fannkuch
RBC,2541250630,fannkuchredux,9,fannkuch
RBC,2617908783,fannkuchredux,9,fannkuch
RBC,2536333573,fannkuchredux,9,fannkuch
RBC,2551442938,fannkuchredux,9,fannkuch
RBC,2516723735,fannkuchredux,9,fannkuch
RBC,2479383846,fannkuchredux,9,fannkuch
RBC,2471388499,fannkuchredux,9,fannkuch
RBC,2483979526,fannkuchredux,9,fannkuch
RBC,2548449486,fannkuchredux,9,fannkuch
RBC,2570000171,fannkuchredux,9,fannkuch
RBC,2513604396,fannkuchredux,9,fannkuch
RBC,2532153841,fannkuchredux,9,fannkuch
RBC,2516325425,fannkuchredux,9,fannkuch
RSH,3046578512,fannkuchredux,9,fannkuch
RSH,3125187200,fannkuchredux,9,fannkuch
RSH,3095258903,fannkuchredux,9,fannkuch
RSH,3070405922,fannkuchredux,9,fannkuch
RSH,3010575007,fannkuchredux,9,fannkuch
RSH,3044294799,fannkuchredux,9,fannkuch
RSH,3090015190,fannkuchredux,9,fannkuch
RSH,2998694570,fannkuchredux,9,fannkuch
RSH,3012989993,fannkuchredux,9,fannkuch
RSH,3037230416,fannkuchredux,9,fannkuch
RSH,3086932985,fannkuchredux,9,fannkuch
RSH,3102256336,fannkuchredux,9,fannkuch
RSH,3115535080,fannkuchredux,9,fannkuch
RSH,3129136981,fannkuchredux,9,fannkuch
RSH,3060006252,fannkuchredux,9,fannkuch
RBC,2249001973,fasta_2,60000,fasta
RBC,2196853730,fasta_2,60000,fasta
RBC,2388728004,fasta_2,60000,fasta
RBC,2217366149,fasta_2,60000,fasta
RBC,2114264780,fasta_2,60000,fasta
RBC,1991788463,fasta_2,60000,fasta
RBC,1898381826,fasta_2,60000,fasta
RBC,1949978821,fasta_2,60000,fasta
RBC,2051490182,fasta_2,60000,fasta
RBC,1959828396,fasta_2,60000,fasta
RBC,2098350302,fasta_2,60000,fasta
RBC,2162334602,fasta_2,60000,fasta
RBC,2223100640,fasta_2,60000,fasta
RBC,2192988676,fasta_2,60000,fasta
RBC,2183434739,fasta_2,60000,fasta
RSH,2274963368,fasta_2,60000,fasta
RSH,2235265211,fasta_2,60000,fasta
RSH,2277604910,fasta_2,60000,fasta
RSH,2373461296,fasta_2,60000,fasta
RSH,2301364109,fasta_2,60000,fasta
RSH,2353333513,fasta_2,60000,fasta
RSH,2319147373,fasta_2,60000,fasta
RSH,2372305826,fasta_2,60000,fasta
RSH,2293669638,fasta_2,60000,fasta
RSH,2292571836,fasta_2,60000,fasta
RSH,2194460495,fasta_2,60000,fasta
RSH,2623935460,fasta_2,60000,fasta
RSH,2372493105,fasta_2,60000,fasta
RSH,2278483181,fasta_2,60000,fasta
RSH,2416270815,fasta_2,60000,fasta
RBC,2367159468,fasta_3,60000,fasta
RBC,2461682621,fasta_3,60000,fasta
RBC,2475768289,fasta_3,60000,fasta
RBC,2510487724,fasta_3,60000,fasta
RBC,2457407153,fasta_3,60000,fasta
RBC,2554420267,fasta_3,60000,fasta
RBC,2403020673,fasta_3,60000,fasta
RBC,2359670502,fasta_3,60000,fasta
RBC,2422692969,fasta_3,60000,fasta
RBC,2435970521,fasta_3,60000,fasta
RBC,2466036706,fasta_3,60000,fasta
RBC,2467731604,fasta_3,60000,fasta
RBC,2486129082,fasta_3,60000,fasta
RBC,2398672345,fasta_3,60000,fasta
RBC,2346305939,fasta_3,60000,fasta
RSH,2447507267,fasta_3,60000,fasta
RSH,2434515834,fasta_3,60000,fasta
RSH,2504179709,fasta_3,60000,fasta
RSH,2544021029,fasta_3,60000,fasta
RSH,2561015781,fasta_3,60000,fasta
RSH,2648291052,fasta_3,60000,fasta
RSH,2513060884,fasta_3,60000,fasta
RSH,2493756368,fasta_3,60000,fasta
RSH,2405139888,fasta_3,60000,fasta
RSH,2537535092,fasta_3,60000,fasta
RSH,2423628252,fasta_3,60000,fasta
RSH,2425919563,fasta_3,60000,fasta
RSH,2492326954,fasta_3,60000,fasta
RSH,2559323422,fasta_3,60000,fasta
RSH,2525589620,fasta_3,60000,fasta
RBC,1392532960,fasta_naive_2,80000,fasta
RBC,1401444730,fasta_naive_2,80000,fasta
RBC,1424624984,fasta_naive_2,80000,fasta
RBC,1499251415,fasta_naive_2,80000,fasta
RBC,1431887264,fasta_naive_2,80000,fasta
RBC,1467533487,fasta_naive_2,80000,fasta
RBC,1419332952,fasta_naive_2,80000,fasta
RBC,1424561428,fasta_naive_2,80000,fasta
RBC,1431959745,fasta_naive_2,80000,fasta
RBC,1436378368,fasta_naive_2,80000,fasta
RBC,1442190389,fasta_naive_2,80000,fasta
RBC,1440201225,fasta_naive_2,80000,fasta
RBC,1466231561,fasta_naive_2,80000,fasta
RBC,1405638653,fasta_naive_2,80000,fasta
RBC,1399232830,fasta_naive_2,80000,fasta
RSH,1803363110,fasta_naive_2,80000,fasta
RSH,1811269216,fasta_naive_2,80000,fasta
RSH,1800246323,fasta_naive_2,80000,fasta
RSH,1785783216,fasta_naive_2,80000,fasta
RSH,1859568747,fasta_naive_2,80000,fasta
RSH,1792374814,fasta_naive_2,80000,fasta
RSH,1809913615,fasta_naive_2,80000,fasta
RSH,1825633143,fasta_naive_2,80000,fasta
RSH,1887293416,fasta_naive_2,80000,fasta
RSH,1798037042,fasta_naive_2,80000,fasta
RSH,1825690976,fasta_naive_2,80000,fasta
RSH,1819951201,fasta_naive_2,80000,fasta
RSH,1809747909,fasta_naive_2,80000,fasta
RSH,1818139537,fasta_naive_2,80000,fasta
RSH,1841902454,fasta_naive_2,80000,fasta
RBC,1104387857,fasta_naive,80000,fasta
RBC,1224611553,fasta_naive,80000,fasta
RBC,1156674373,fasta_naive,80000,fasta
RBC,1144637831,fasta_naive,80000,fasta
RBC,1206648514,fasta_naive,80000,fasta
RBC,1170653924,fasta_naive,80000,fasta
RBC,1352344848,fasta_naive,80000,fasta
RBC,1071194065,fasta_naive,80000,fasta
RBC,1191344140,fasta_naive,80000,fasta
RBC,1137538756,fasta_naive,80000,fasta
RBC,1139890850,fasta_naive,80000,fasta
RBC,1128265682,fasta_naive,80000,fasta
RBC,1080366594,fasta_naive,80000,fasta
RBC,1070215966,fasta_naive,80000,fasta
RBC,1108815198,fasta_naive,80000,fasta
RSH,1275684908,fasta_naive,80000,fasta
RSH,1188947181,fasta_naive,80000,fasta
RSH,1200328001,fasta_naive,80000,fasta
RSH,1182623355,fasta_naive,80000,fasta
RSH,1197572970,fasta_naive,80000,fasta
RSH,1259162877,fasta_naive,80000,fasta
RSH,1390523551,fasta_naive,80000,fasta
RSH,1269197655,fasta_naive,80000,fasta
RSH,1327666479,fasta_naive,80000,fasta
RSH,1210899922,fasta_naive,80000,fasta
RSH,1276306315,fasta_naive,80000,fasta
RSH,1240788453,fasta_naive,80000,fasta
RSH,1245634310,fasta_naive,80000,fasta
RSH,1208655812,fasta_naive,80000,fasta
RSH,1242319126,fasta_naive,80000,fasta
RBC,2310021322,fasta,60000,fasta
RBC,2340688473,fasta,60000,fasta
RBC,2409140705,fasta,60000,fasta
RBC,2375045218,fasta,60000,fasta
RBC,2357536376,fasta,60000,fasta
RBC,2358620491,fasta,60000,fasta
RBC,2414699127,fasta,60000,fasta
RBC,2151165922,fasta,60000,fasta
RBC,2325564335,fasta,60000,fasta
RBC,2366214426,fasta,60000,fasta
RBC,2283794316,fasta,60000,fasta
RBC,2231162395,fasta,60000,fasta
RBC,2247591054,fasta,60000,fasta
RBC,2235935451,fasta,60000,fasta
RBC,2255301889,fasta,60000,fasta
RSH,2281544254,fasta,60000,fasta
RSH,2315681952,fasta,60000,fasta
RSH,2297457573,fasta,60000,fasta
RSH,2338145717,fasta,60000,fasta
RSH,2308529116,fasta,60000,fasta
RSH,2285470245,fasta,60000,fasta
RSH,2425979093,fasta,60000,fasta
RSH,2377922899,fasta,60000,fasta
RSH,2290022416,fasta,60000,fasta
RSH,2452276439,fasta,60000,fasta
RSH,2353117695,fasta,60000,fasta
RSH,2356121657,fasta,60000,fasta
RSH,2334610947,fasta,60000,fasta
RSH,2420551085,fasta,60000,fasta
RSH,2251735738,fasta,60000,fasta
RBC,989070741,fastaredux_naive,80000,fastaredux
RBC,927749117,fastaredux_naive,80000,fastaredux
RBC,946519708,fastaredux_naive,80000,fastaredux
RBC,973965338,fastaredux_naive,80000,fastaredux
RBC,985401146,fastaredux_naive,80000,fastaredux
RBC,990674602,fastaredux_naive,80000,fastaredux
RBC,1005455135,fastaredux_naive,80000,fastaredux
RBC,980590655,fastaredux_naive,80000,fastaredux
RBC,1015101031,fastaredux_naive,80000,fastaredux
RBC,1029311059,fastaredux_naive,80000,fastaredux
RBC,993395989,fastaredux_naive,80000,fastaredux
RBC,960274456,fastaredux_naive,80000,fastaredux
RBC,1023087962,fastaredux_naive,80000,fastaredux
RBC,1000801457,fastaredux_naive,80000,fastaredux
RBC,967967028,fastaredux_naive,80000,fastaredux
RSH,1057521740,fastaredux_naive,80000,fastaredux
RSH,1113932413,fastaredux_naive,80000,fastaredux
RSH,1071029954,fastaredux_naive,80000,fastaredux
RSH,1077708567,fastaredux_naive,80000,fastaredux
RSH,1081644764,fastaredux_naive,80000,fastaredux
RSH,1051349404,fastaredux_naive,80000,fastaredux
RSH,1063368161,fastaredux_naive,80000,fastaredux
RSH,1085741380,fastaredux_naive,80000,fastaredux
RSH,1094627184,fastaredux_naive,80000,fastaredux
RSH,1084297257,fastaredux_naive,80000,fastaredux
RSH,1097717341,fastaredux_naive,80000,fastaredux
RSH,1073669194,fastaredux_naive,80000,fastaredux
RSH,1061013439,fastaredux_naive,80000,fastaredux
RSH,1086301980,fastaredux_naive,80000,fastaredux
RSH,1084832741,fastaredux_naive,80000,fastaredux
RBC,1031211400,fastaredux,80000,fastaredux
RBC,1010225284,fastaredux,80000,fastaredux
RBC,984253099,fastaredux,80000,fastaredux
RBC,1001799265,fastaredux,80000,fastaredux
RBC,1045341730,fastaredux,80000,fastaredux
RBC,1157186144,fastaredux,80000,fastaredux
RBC,991807470,fastaredux,80000,fastaredux
RBC,1048922626,fastaredux,80000,fastaredux
RBC,1069336264,fastaredux,80000,fastaredux
RBC,1201253906,fastaredux,80000,fastaredux
RBC,1013302090,fastaredux,80000,fastaredux
RBC,1028341318,fastaredux,80000,fastaredux
RBC,1166880008,fastaredux,80000,fastaredux
RBC,1155232656,fastaredux,80000,fastaredux
RBC,1230512416,fastaredux,80000,fastaredux
RSH,1233742092,fastaredux,80000,fastaredux
RSH,1233812178,fastaredux,80000,fastaredux
RSH,1257312694,fastaredux,80000,fastaredux
RSH,1395358871,fastaredux,80000,fastaredux
RSH,1183858279,fastaredux,80000,fastaredux
RSH,1185505774,fastaredux,80000,fastaredux
RSH,1213846236,fastaredux,80000,fastaredux
RSH,1248078222,fastaredux,80000,fastaredux
RSH,1246542586,fastaredux,80000,fastaredux
RSH,1276221561,fastaredux,80000,fastaredux
RSH,1230262969,fastaredux,80000,fastaredux
RSH,1250140180,fastaredux,80000,fastaredux
RSH,1253399467,fastaredux,80000,fastaredux
RSH,1251796245,fastaredux,80000,fastaredux
RSH,1271784316,fastaredux,80000,fastaredux
RBC,2769014980,knucleotide_brute_2,2000,knucleotide
RBC,2565563079,knucleotide_brute_2,2000,knucleotide
RBC,2666947401,knucleotide_brute_2,2000,knucleotide
RBC,2662177074,knucleotide_brute_2,2000,knucleotide
RBC,2701956476,knucleotide_brute_2,2000,knucleotide
RBC,3079589760,knucleotide_brute_2,2000,knucleotide
RBC,2918313787,knucleotide_brute_2,2000,knucleotide
RBC,2982761739,knucleotide_brute_2,2000,knucleotide
RBC,2825831269,knucleotide_brute_2,2000,knucleotide
RBC,3189519946,knucleotide_brute_2,2000,knucleotide
RBC,2861968804,knucleotide_brute_2,2000,knucleotide
RBC,3204413139,knucleotide_brute_2,2000,knucleotide
RBC,2632116701,knucleotide_brute_2,2000,knucleotide
RBC,3071899477,knucleotide_brute_2,2000,knucleotide
RBC,2903538087,knucleotide_brute_2,2000,knucleotide
RSH,8582257809,knucleotide_brute_2,2000,knucleotide
RSH,8764521166,knucleotide_brute_2,2000,knucleotide
RSH,8485845109,knucleotide_brute_2,2000,knucleotide
RSH,8731313096,knucleotide_brute_2,2000,knucleotide
RSH,8556550852,knucleotide_brute_2,2000,knucleotide
RSH,8550019561,knucleotide_brute_2,2000,knucleotide
RSH,8843429130,knucleotide_brute_2,2000,knucleotide
RSH,8612579116,knucleotide_brute_2,2000,knucleotide
RSH,8932727890,knucleotide_brute_2,2000,knucleotide
RSH,8777034568,knucleotide_brute_2,2000,knucleotide
RSH,8575881558,knucleotide_brute_2,2000,knucleotide
RSH,8822444952,knucleotide_brute_2,2000,knucleotide
RSH,8630855536,knucleotide_brute_2,2000,knucleotide
RSH,8696083662,knucleotide_brute_2,2000,knucleotide
RSH,8532149146,knucleotide_brute_2,2000,knucleotide
RBC,3362599576,knucleotide_brute_3,2000,knucleotide
RBC,3471566049,knucleotide_brute_3,2000,knucleotide
RBC,3458465285,knucleotide_brute_3,2000,knucleotide
RBC,3350642807,knucleotide_brute_3,2000,knucleotide
RBC,3385249243,knucleotide_brute_3,2000,knucleotide
RBC,3340345893,knucleotide_brute_3,2000,knucleotide
RBC,3390882944,knucleotide_brute_3,2000,knucleotide
RBC,3401788444,knucleotide_brute_3,2000,knucleotide
RBC,3382232561,knucleotide_brute_3,2000,knucleotide
RBC,3360746247,knucleotide_brute_3,2000,knucleotide
RBC,3630082795,knucleotide_brute_3,2000,knucleotide
RBC,3441209163,knucleotide_brute_3,2000,knucleotide
RBC,3338063637,knucleotide_brute_3,2000,knucleotide
RBC,3431652582,knucleotide_brute_3,2000,knucleotide
RBC,3427235359,knucleotide_brute_3,2000,knucleotide
RSH,3497694157,knucleotide_brute_3,2000,knucleotide
RSH,3531202532,knucleotide_brute_3,2000,knucleotide
RSH,3483936812,knucleotide_brute_3,2000,knucleotide
RSH,3447403830,knucleotide_brute_3,2000,knucleotide
RSH,3496950860,knucleotide_brute_3,2000,knucleotide
RSH,3564674363,knucleotide_brute_3,2000,knucleotide
RSH,3441059785,knucleotide_brute_3,2000,knucleotide
RSH,3531328335,knucleotide_brute_3,2000,knucleotide
RSH,3480325689,knucleotide_brute_3,2000,knucleotide
RSH,3552380362,knucleotide_brute_3,2000,knucleotide
RSH,3493496629,knucleotide_brute_3,2000,knucleotide
RSH,3497669723,knucleotide_brute_3,2000,knucleotide
RSH,3452667886,knucleotide_brute_3,2000,knucleotide
RSH,3447129927,knucleotide_brute_3,2000,knucleotide
RSH,3522568856,knucleotide_brute_3,2000,knucleotide
RBC,4258412486,knucleotide_brute,2000,knucleotide
RBC,4271758141,knucleotide_brute,2000,knucleotide
RBC,4392428471,knucleotide_brute,2000,knucleotide
RBC,4514258211,knucleotide_brute,2000,knucleotide
RBC,4547734462,knucleotide_brute,2000,knucleotide
RBC,4576345550,knucleotide_brute,2000,knucleotide
RBC,4786209809,knucleotide_brute,2000,knucleotide
RBC,4850908776,knucleotide_brute,2000,knucleotide
RBC,4780818258,knucleotide_brute,2000,knucleotide
RBC,4984095895,knucleotide_brute,2000,knucleotide
RBC,4615619623,knucleotide_brute,2000,knucleotide
RBC,4605075909,knucleotide_brute,2000,knucleotide
RBC,4676229432,knucleotide_brute,2000,knucleotide
RBC,4859253098,knucleotide_brute,2000,knucleotide
RBC,5058060858,knucleotide_brute,2000,knucleotide
RSH,8884622778,knucleotide_brute,2000,knucleotide
RSH,7998532954,knucleotide_brute,2000,knucleotide
RSH,8111619555,knucleotide_brute,2000,knucleotide
RSH,7883487347,knucleotide_brute,2000,knucleotide
RSH,7919030247,knucleotide_brute,2000,knucleotide
RSH,8022148851,knucleotide_brute,2000,knucleotide
RSH,8057642095,knucleotide_brute,2000,knucleotide
RSH,8247135782,knucleotide_brute,2000,knucleotide
RSH,7842685131,knucleotide_brute,2000,knucleotide
RSH,7968938917,knucleotide_brute,2000,knucleotide
RSH,8144393495,knucleotide_brute,2000,knucleotide
RSH,7941191471,knucleotide_brute,2000,knucleotide
RSH,8000429134,knucleotide_brute,2000,knucleotide
RSH,7836912072,knucleotide_brute,2000,knucleotide
RSH,7869870132,knucleotide_brute,2000,knucleotide
RBC,670394085,knucleotide,2000,knucleotide
RBC,778669357,knucleotide,2000,knucleotide
RBC,770547477,knucleotide,2000,knucleotide
RBC,778949354,knucleotide,2000,knucleotide
RBC,874532767,knucleotide,2000,knucleotide
RBC,903283699,knucleotide,2000,knucleotide
RBC,897295058,knucleotide,2000,knucleotide
RBC,818797498,knucleotide,2000,knucleotide
RBC,658859611,knucleotide,2000,knucleotide
RBC,733298757,knucleotide,2000,knucleotide
RBC,749988781,knucleotide,2000,knucleotide
RBC,746338156,knucleotide,2000,knucleotide
RBC,795404613,knucleotide,2000,knucleotide
RBC,744145932,knucleotide,2000,knucleotide
RBC,781020973,knucleotide,2000,knucleotide
RSH,814117654,knucleotide,2000,knucleotide
RSH,901827956,knucleotide,2000,knucleotide
RSH,619712863,knucleotide,2000,knucleotide
RSH,656890852,knucleotide,2000,knucleotide
RSH,686912836,knucleotide,2000,knucleotide
RSH,775712206,knucleotide,2000,knucleotide
RSH,801433997,knucleotide,2000,knucleotide
RSH,837807725,knucleotide,2000,knucleotide
RSH,818832077,knucleotide,2000,knucleotide
RSH,896951543,knucleotide,2000,knucleotide
RSH,905546744,knucleotide,2000,knucleotide
RSH,757839949,knucleotide,2000,knucleotide
RSH,690659013,knucleotide,2000,knucleotide
RSH,715636760,knucleotide,2000,knucleotide
RSH,822305398,knucleotide,2000,knucleotide
RBC,147649544,mandelbrot_ascii,300,mandelbrot
RBC,129563611,mandelbrot_ascii,300,mandelbrot
RBC,119400895,mandelbrot_ascii,300,mandelbrot
RBC,129620318,mandelbrot_ascii,300,mandelbrot
RBC,142064385,mandelbrot_ascii,300,mandelbrot
RBC,116098212,mandelbrot_ascii,300,mandelbrot
RBC,122547714,mandelbrot_ascii,300,mandelbrot
RBC,122317764,mandelbrot_ascii,300,mandelbrot
RBC,114962974,mandelbrot_ascii,300,mandelbrot
RBC,117210346,mandelbrot_ascii,300,mandelbrot
RBC,121593625,mandelbrot_ascii,300,mandelbrot
RBC,118575257,mandelbrot_ascii,300,mandelbrot
RBC,122256429,mandelbrot_ascii,300,mandelbrot
RBC,126826334,mandelbrot_ascii,300,mandelbrot
RBC,131758676,mandelbrot_ascii,300,mandelbrot
RSH,124675842,mandelbrot_ascii,300,mandelbrot
RSH,122962250,mandelbrot_ascii,300,mandelbrot
RSH,117541043,mandelbrot_ascii,300,mandelbrot
RSH,116560319,mandelbrot_ascii,300,mandelbrot
RSH,116539987,mandelbrot_ascii,300,mandelbrot
RSH,122869549,mandelbrot_ascii,300,mandelbrot
RSH,121661845,mandelbrot_ascii,300,mandelbrot
RSH,120613178,mandelbrot_ascii,300,mandelbrot
RSH,157640065,mandelbrot_ascii,300,mandelbrot
RSH,116139462,mandelbrot_ascii,300,mandelbrot
RSH,119020785,mandelbrot_ascii,300,mandelbrot
RSH,120961298,mandelbrot_ascii,300,mandelbrot
RSH,122609725,mandelbrot_ascii,300,mandelbrot
RSH,117542098,mandelbrot_ascii,300,mandelbrot
RSH,118239095,mandelbrot_ascii,300,mandelbrot
RBC,630750234,mandelbrot_naive_ascii,200,mandelbrot
RBC,590352047,mandelbrot_naive_ascii,200,mandelbrot
RBC,583553306,mandelbrot_naive_ascii,200,mandelbrot
RBC,574748916,mandelbrot_naive_ascii,200,mandelbrot
RBC,607191913,mandelbrot_naive_ascii,200,mandelbrot
RBC,573952201,mandelbrot_naive_ascii,200,mandelbrot
RBC,567478346,mandelbrot_naive_ascii,200,mandelbrot
RBC,565949340,mandelbrot_naive_ascii,200,mandelbrot
RBC,620699246,mandelbrot_naive_ascii,200,mandelbrot
RBC,615659143,mandelbrot_naive_ascii,200,mandelbrot
RBC,582965030,mandelbrot_naive_ascii,200,mandelbrot
RBC,558759367,mandelbrot_naive_ascii,200,mandelbrot
RBC,565609510,mandelbrot_naive_ascii,200,mandelbrot
RBC,586621664,mandelbrot_naive_ascii,200,mandelbrot
RBC,560933173,mandelbrot_naive_ascii,200,mandelbrot
RSH,923282605,mandelbrot_naive_ascii,200,mandelbrot
RSH,874539391,mandelbrot_naive_ascii,200,mandelbrot
RSH,896350754,mandelbrot_naive_ascii,200,mandelbrot
RSH,882053740,mandelbrot_naive_ascii,200,mandelbrot
RSH,879900382,mandelbrot_naive_ascii,200,mandelbrot
RSH,906928458,mandelbrot_naive_ascii,200,mandelbrot
RSH,880936512,mandelbrot_naive_ascii,200,mandelbrot
RSH,899030123,mandelbrot_naive_ascii,200,mandelbrot
RSH,883261596,mandelbrot_naive_ascii,200,mandelbrot
RSH,881762917,mandelbrot_naive_ascii,200,mandelbrot
RSH,922642381,mandelbrot_naive_ascii,200,mandelbrot
RSH,886449049,mandelbrot_naive_ascii,200,mandelbrot
RSH,874323447,mandelbrot_naive_ascii,200,mandelbrot
RSH,895829543,mandelbrot_naive_ascii,200,mandelbrot
RSH,882815862,mandelbrot_naive_ascii,200,mandelbrot
RBC,291192546,mandelbrot_noout_naive,500,mandelbrot
RBC,268016670,mandelbrot_noout_naive,500,mandelbrot
RBC,237555074,mandelbrot_noout_naive,500,mandelbrot
RBC,241223456,mandelbrot_noout_naive,500,mandelbrot
RBC,237905702,mandelbrot_noout_naive,500,mandelbrot
RBC,235239054,mandelbrot_noout_naive,500,mandelbrot
RBC,229268145,mandelbrot_noout_naive,500,mandelbrot
RBC,204025251,mandelbrot_noout_naive,500,mandelbrot
RBC,197859735,mandelbrot_noout_naive,500,mandelbrot
RBC,195735070,mandelbrot_noout_naive,500,mandelbrot
RBC,179968406,mandelbrot_noout_naive,500,mandelbrot
RBC,212355841,mandelbrot_noout_naive,500,mandelbrot
RBC,191017573,mandelbrot_noout_naive,500,mandelbrot
RBC,187954361,mandelbrot_noout_naive,500,mandelbrot
RBC,218909220,mandelbrot_noout_naive,500,mandelbrot
RSH,226025559,mandelbrot_noout_naive,500,mandelbrot
RSH,243770425,mandelbrot_noout_naive,500,mandelbrot
RSH,276516808,mandelbrot_noout_naive,500,mandelbrot
RSH,245694727,mandelbrot_noout_naive,500,mandelbrot
RSH,245537764,mandelbrot_noout_naive,500,mandelbrot
RSH,243889269,mandelbrot_noout_naive,500,mandelbrot
RSH,250903285,mandelbrot_noout_naive,500,mandelbrot
RSH,241202947,mandelbrot_noout_naive,500,mandelbrot
RSH,243133646,mandelbrot_noout_naive,500,mandelbrot
RSH,248509504,mandelbrot_noout_naive,500,mandelbrot
RSH,239196385,mandelbrot_noout_naive,500,mandelbrot
RSH,213886958,mandelbrot_noout_naive,500,mandelbrot
RSH,217990425,mandelbrot_noout_naive,500,mandelbrot
RSH,212585042,mandelbrot_noout_naive,500,mandelbrot
RSH,235739889,mandelbrot_noout_naive,500,mandelbrot
RBC,84257789,mandelbrot_noout,400,mandelbrot
RBC,83651246,mandelbrot_noout,400,mandelbrot
RBC,83576864,mandelbrot_noout,400,mandelbrot
RBC,86156639,mandelbrot_noout,400,mandelbrot
RBC,82814663,mandelbrot_noout,400,mandelbrot
RBC,110906500,mandelbrot_noout,400,mandelbrot
RBC,83866291,mandelbrot_noout,400,mandelbrot
RBC,97050967,mandelbrot_noout,400,mandelbrot
RBC,84243990,mandelbrot_noout,400,mandelbrot
RBC,83390886,mandelbrot_noout,400,mandelbrot
RBC,86745853,mandelbrot_noout,400,mandelbrot
RBC,84158400,mandelbrot_noout,400,mandelbrot
RBC,84182640,mandelbrot_noout,400,mandelbrot
RBC,88703905,mandelbrot_noout,400,mandelbrot
RBC,87761737,mandelbrot_noout,400,mandelbrot
RSH,83920379,mandelbrot_noout,400,mandelbrot
RSH,86906703,mandelbrot_noout,400,mandelbrot
RSH,88367728,mandelbrot_noout,400,mandelbrot
RSH,84423195,mandelbrot_noout,400,mandelbrot
RSH,88409059,mandelbrot_noout,400,mandelbrot
RSH,84334701,mandelbrot_noout,400,mandelbrot
RSH,87229592,mandelbrot_noout,400,mandelbrot
RSH,84757202,mandelbrot_noout,400,mandelbrot
RSH,84293596,mandelbrot_noout,400,mandelbrot
RSH,88014255,mandelbrot_noout,400,mandelbrot
RSH,84293192,mandelbrot_noout,400,mandelbrot
RSH,85523181,mandelbrot_noout,400,mandelbrot
RSH,84354704,mandelbrot_noout,400,mandelbrot
RSH,87592527,mandelbrot_noout,400,mandelbrot
RSH,85691845,mandelbrot_noout,400,mandelbrot
RBC,901908694,nbody_2,12000,nbody
RBC,865755362,nbody_2,12000,nbody
RBC,863743735,nbody_2,12000,nbody
RBC,821194137,nbody_2,12000,nbody
RBC,852501940,nbody_2,12000,nbody
RBC,789740087,nbody_2,12000,nbody
RBC,857996152,nbody_2,12000,nbody
RBC,818818967,nbody_2,12000,nbody
RBC,824806644,nbody_2,12000,nbody
RBC,807702697,nbody_2,12000,nbody
RBC,818909246,nbody_2,12000,nbody
RBC,852140890,nbody_2,12000,nbody
RBC,812683310,nbody_2,12000,nbody
RBC,859679822,nbody_2,12000,nbody
RBC,837571164,nbody_2,12000,nbody
RSH,824231453,nbody_2,12000,nbody
RSH,784134086,nbody_2,12000,nbody
RSH,786726575,nbody_2,12000,nbody
RSH,797478960,nbody_2,12000,nbody
RSH,781331877,nbody_2,12000,nbody
RSH,778285056,nbody_2,12000,nbody
RSH,793457562,nbody_2,12000,nbody
RSH,811884103,nbody_2,12000,nbody
RSH,795975695,nbody_2,12000,nbody
RSH,787357518,nbody_2,12000,nbody
RSH,779379451,nbody_2,12000,nbody
RSH,787414022,nbody_2,12000,nbody
RSH,783794290,nbody_2,12000,nbody
RSH,778331598,nbody_2,12000,nbody
RSH,801874363,nbody_2,12000,nbody
RBC,844612142,nbody,25000,nbody
RBC,839289346,nbody,25000,nbody
RBC,869292166,nbody,25000,nbody
RBC,892360329,nbody,25000,nbody
RBC,871234721,nbody,25000,nbody
RBC,865237100,nbody,25000,nbody
RBC,833180627,nbody,25000,nbody
RBC,856429675,nbody,25000,nbody
RBC,864255274,nbody,25000,nbody
RBC,895777750,nbody,25000,nbody
RBC,840971950,nbody,25000,nbody
RBC,868581457,nbody,25000,nbody
RBC,845568736,nbody,25000,nbody
RBC,858783265,nbody,25000,nbody
RBC,901055260,nbody,25000,nbody
RSH,865734094,nbody,25000,nbody
RSH,968077452,nbody,25000,nbody
RSH,877878740,nbody,25000,nbody
RSH,856508489,nbody,25000,nbody
RSH,844538960,nbody,25000,nbody
RSH,835955017,nbody,25000,nbody
RSH,873886620,nbody,25000,nbody
RSH,843537819,nbody,25000,nbody
RSH,851183033,nbody,25000,nbody
RSH,871074363,nbody,25000,nbody
RSH,887370229,nbody,25000,nbody
RSH,859383117,nbody,25000,nbody
RSH,896818958,nbody,25000,nbody
RSH,874059161,nbody,25000,nbody
RSH,874044301,nbody,25000,nbody
RBC,174898258,pidigits,30,pidigits
RBC,152518356,pidigits,30,pidigits
RBC,134063905,pidigits,30,pidigits
RBC,133588716,pidigits,30,pidigits
RBC,133742042,pidigits,30,pidigits
RBC,142522911,pidigits,30,pidigits
RBC,141782071,pidigits,30,pidigits
RBC,139848822,pidigits,30,pidigits
RBC,133366399,pidigits,30,pidigits
RBC,136336138,pidigits,30,pidigits
RBC,134748154,pidigits,30,pidigits
RBC,137285506,pidigits,30,pidigits
RBC,136125522,pidigits,30,pidigits
RBC,139243990,pidigits,30,pidigits
RBC,135534945,pidigits,30,pidigits
RSH,154802626,pidigits,30,pidigits
RSH,167733857,pidigits,30,pidigits
RSH,158598210,pidigits,30,pidigits
RSH,183131014,pidigits,30,pidigits
RSH,155517178,pidigits,30,pidigits
RSH,152820580,pidigits,30,pidigits
RSH,154636122,pidigits,30,pidigits
RSH,152141688,pidigits,30,pidigits
RSH,153761458,pidigits,30,pidigits
RSH,153570843,pidigits,30,pidigits
RSH,151918009,pidigits,30,pidigits
RSH,170420969,pidigits,30,pidigits
RSH,165275934,pidigits,30,pidigits
RSH,158638138,pidigits,30,pidigits
RSH,151669036,pidigits,30,pidigits
RBC,1746706193,regexdna,500000,regexdna
RBC,1741538800,regexdna,500000,regexdna
RBC,1768183832,regexdna,500000,regexdna
RBC,1771577823,regexdna,500000,regexdna
RBC,1737586949,regexdna,500000,regexdna
RBC,1741609696,regexdna,500000,regexdna
RBC,1702186241,regexdna,500000,regexdna
RBC,1711461793,regexdna,500000,regexdna
RBC,1689762293,regexdna,500000,regexdna
RBC,1720251366,regexdna,500000,regexdna
RBC,1670582166,regexdna,500000,regexdna
RBC,1722111321,regexdna,500000,regexdna
RBC,1713196810,regexdna,500000,regexdna
RBC,1746536956,regexdna,500000,regexdna
RBC,1752953992,regexdna,500000,regexdna
RSH,1722835998,regexdna,500000,regexdna
RSH,1739377321,regexdna,500000,regexdna
RSH,1660671438,regexdna,500000,regexdna
RSH,1753607929,regexdna,500000,regexdna
RSH,1653921887,regexdna,500000,regexdna
RSH,1690053107,regexdna,500000,regexdna
RSH,1715353417,regexdna,500000,regexdna
RSH,1694866427,regexdna,500000,regexdna
RSH,1752972322,regexdna,500000,regexdna
RSH,1700154790,regexdna,500000,regexdna
RSH,1739992782,regexdna,500000,regexdna
RSH,1681264126,regexdna,500000,regexdna
RSH,1736269132,regexdna,500000,regexdna
RSH,1713012973,regexdna,500000,regexdna
RSH,1697703009,regexdna,500000,regexdna
RBC,719534692,reversecomplement_2,150000,reversecomplement
RBC,687386860,reversecomplement_2,150000,reversecomplement
RBC,729687991,reversecomplement_2,150000,reversecomplement
RBC,711285505,reversecomplement_2,150000,reversecomplement
RBC,637085117,reversecomplement_2,150000,reversecomplement
RBC,621064687,reversecomplement_2,150000,reversecomplement
RBC,635097989,reversecomplement_2,150000,reversecomplement
RBC,617823282,reversecomplement_2,150000,reversecomplement
RBC,624018418,reversecomplement_2,150000,reversecomplement
RBC,624810949,reversecomplement_2,150000,reversecomplement
RBC,662160962,reversecomplement_2,150000,reversecomplement
RBC,617438188,reversecomplement_2,150000,reversecomplement
RBC,612603833,reversecomplement_2,150000,reversecomplement
RBC,613663749,reversecomplement_2,150000,reversecomplement
RBC,653456738,reversecomplement_2,150000,reversecomplement
RSH,615369795,reversecomplement_2,150000,reversecomplement
RSH,629984471,reversecomplement_2,150000,reversecomplement
RSH,624077040,reversecomplement_2,150000,reversecomplement
RSH,680120307,reversecomplement_2,150000,reversecomplement
RSH,641143328,reversecomplement_2,150000,reversecomplement
RSH,629495796,reversecomplement_2,150000,reversecomplement
RSH,630930376,reversecomplement_2,150000,reversecomplement
RSH,625874058,reversecomplement_2,150000,reversecomplement
RSH,640261286,reversecomplement_2,150000,reversecomplement
RSH,632332683,reversecomplement_2,150000,reversecomplement
RSH,623932518,reversecomplement_2,150000,reversecomplement
RSH,628127001,reversecomplement_2,150000,reversecomplement
RSH,629018092,reversecomplement_2,150000,reversecomplement
RSH,665939557,reversecomplement_2,150000,reversecomplement
RSH,627133147,reversecomplement_2,150000,reversecomplement
RBC,543623334,reversecomplement_naive,50000,reversecomplement
RBC,562358339,reversecomplement_naive,50000,reversecomplement
RBC,547768932,reversecomplement_naive,50000,reversecomplement
RBC,545770870,reversecomplement_naive,50000,reversecomplement
RBC,589905461,reversecomplement_naive,50000,reversecomplement
RBC,543343280,reversecomplement_naive,50000,reversecomplement
RBC,556103488,reversecomplement_naive,50000,reversecomplement
RBC,558931796,reversecomplement_naive,50000,reversecomplement
RBC,556478988,reversecomplement_naive,50000,reversecomplement
RBC,563801882,reversecomplement_naive,50000,reversecomplement
RBC,603425920,reversecomplement_naive,50000,reversecomplement
RBC,558031097,reversecomplement_naive,50000,reversecomplement
RBC,550853757,reversecomplement_naive,50000,reversecomplement
RBC,565959760,reversecomplement_naive,50000,reversecomplement
RBC,552373568,reversecomplement_naive,50000,reversecomplement
RSH,568781787,reversecomplement_naive,50000,reversecomplement
RSH,579413297,reversecomplement_naive,50000,reversecomplement
RSH,566769085,reversecomplement_naive,50000,reversecomplement
RSH,626942180,reversecomplement_naive,50000,reversecomplement
RSH,611576823,reversecomplement_naive,50000,reversecomplement
RSH,565607292,reversecomplement_naive,50000,reversecomplement
RSH,575940272,reversecomplement_naive,50000,reversecomplement
RSH,585872516,reversecomplement_naive,50000,reversecomplement
RSH,539205349,reversecomplement_naive,50000,reversecomplement
RSH,552994725,reversecomplement_naive,50000,reversecomplement
RSH,628423968,reversecomplement_naive,50000,reversecomplement
RSH,602570238,reversecomplement_naive,50000,reversecomplement
RSH,549439315,reversecomplement_naive,50000,reversecomplement
RSH,578058097,reversecomplement_naive,50000,reversecomplement
RSH,554212923,reversecomplement_naive,50000,reversecomplement
RBC,718331408,reversecomplement,150000,reversecomplement
RBC,734168686,reversecomplement,150000,reversecomplement
RBC,758343446,reversecomplement,150000,reversecomplement
RBC,744523334,reversecomplement,150000,reversecomplement
RBC,749812822,reversecomplement,150000,reversecomplement
RBC,738496220,reversecomplement,150000,reversecomplement
RBC,725052545,reversecomplement,150000,reversecomplement
RBC,723868210,reversecomplement,150000,reversecomplement
RBC,750458122,reversecomplement,150000,reversecomplement
RBC,736456899,reversecomplement,150000,reversecomplement
RBC,735641577,reversecomplement,150000,reversecomplement
RBC,750626645,reversecomplement,150000,reversecomplement
RBC,789418484,reversecomplement,150000,reversecomplement
RBC,783396142,reversecomplement,150000,reversecomplement
RBC,771468017,reversecomplement,150000,reversecomplement
RSH,800550486,reversecomplement,150000,reversecomplement
RSH,793247426,reversecomplement,150000,reversecomplement
RSH,804387885,reversecomplement,150000,reversecomplement
RSH,809474332,reversecomplement,150000,reversecomplement
RSH,821753213,reversecomplement,150000,reversecomplement
RSH,827260749,reversecomplement,150000,reversecomplement
RSH,845481277,reversecomplement,150000,reversecomplement
RSH,829413725,reversecomplement,150000,reversecomplement
RSH,827510629,reversecomplement,150000,reversecomplement
RSH,822172963,reversecomplement,150000,reversecomplement
RSH,827030265,reversecomplement,150000,reversecomplement
RSH,831320148,reversecomplement,150000,reversecomplement
RSH,858599403,reversecomplement,150000,reversecomplement
RSH,838623510,reversecomplement,150000,reversecomplement
RSH,842145134,reversecomplement,150000,reversecomplement
RBC,1919446544,spectralnorm_alt_2,1200,spectralnorm
RBC,1861296379,spectralnorm_alt_2,1200,spectralnorm
RBC,1885142622,spectralnorm_alt_2,1200,spectralnorm
RBC,1959069146,spectralnorm_alt_2,1200,spectralnorm
RBC,1922406161,spectralnorm_alt_2,1200,spectralnorm
RBC,1846471769,spectralnorm_alt_2,1200,spectralnorm
RBC,1971279066,spectralnorm_alt_2,1200,spectralnorm
RBC,1884342752,spectralnorm_alt_2,1200,spectralnorm
RBC,1841615775,spectralnorm_alt_2,1200,spectralnorm
RBC,1955380628,spectralnorm_alt_2,1200,spectralnorm
RBC,1832848993,spectralnorm_alt_2,1200,spectralnorm
RBC,1927124668,spectralnorm_alt_2,1200,spectralnorm
RBC,1852348805,spectralnorm_alt_2,1200,spectralnorm
RBC,1914548249,spectralnorm_alt_2,1200,spectralnorm
RBC,1839607381,spectralnorm_alt_2,1200,spectralnorm
RSH,1911031646,spectralnorm_alt_2,1200,spectralnorm
RSH,1886113569,spectralnorm_alt_2,1200,spectralnorm
RSH,1838599048,spectralnorm_alt_2,1200,spectralnorm
RSH,1932756152,spectralnorm_alt_2,1200,spectralnorm
RSH,1937197054,spectralnorm_alt_2,1200,spectralnorm
RSH,1925416320,spectralnorm_alt_2,1200,spectralnorm
RSH,1838352192,spectralnorm_alt_2,1200,spectralnorm
RSH,1918810612,spectralnorm_alt_2,1200,spectralnorm
RSH,1832254852,spectralnorm_alt_2,1200,spectralnorm
RSH,1892953748,spectralnorm_alt_2,1200,spectralnorm
RSH,1925595723,spectralnorm_alt_2,1200,spectralnorm
RSH,1880618636,spectralnorm_alt_2,1200,spectralnorm
RSH,1954820877,spectralnorm_alt_2,1200,spectralnorm
RSH,1863465569,spectralnorm_alt_2,1200,spectralnorm
RSH,1868196506,spectralnorm_alt_2,1200,spectralnorm
RBC,2035344079,spectralnorm_alt_3,250,spectralnorm
RBC,2062968497,spectralnorm_alt_3,250,spectralnorm
RBC,2002281260,spectralnorm_alt_3,250,spectralnorm
RBC,2029099752,spectralnorm_alt_3,250,spectralnorm
RBC,2014133254,spectralnorm_alt_3,250,spectralnorm
RBC,2073370798,spectralnorm_alt_3,250,spectralnorm
RBC,2080223546,spectralnorm_alt_3,250,spectralnorm
RBC,2058046718,spectralnorm_alt_3,250,spectralnorm
RBC,2079854796,spectralnorm_alt_3,250,spectralnorm
RBC,2041768390,spectralnorm_alt_3,250,spectralnorm
RBC,2135146208,spectralnorm_alt_3,250,spectralnorm
RBC,2040346134,spectralnorm_alt_3,250,spectralnorm
RBC,2050054591,spectralnorm_alt_3,250,spectralnorm
RBC,2038517068,spectralnorm_alt_3,250,spectralnorm
RBC,2033970078,spectralnorm_alt_3,250,spectralnorm
RSH,1908674570,spectralnorm_alt_3,250,spectralnorm
RSH,1998855734,spectralnorm_alt_3,250,spectralnorm
RSH,1887524608,spectralnorm_alt_3,250,spectralnorm
RSH,1964406992,spectralnorm_alt_3,250,spectralnorm
RSH,1992295472,spectralnorm_alt_3,250,spectralnorm
RSH,1877541004,spectralnorm_alt_3,250,spectralnorm
RSH,1860949453,spectralnorm_alt_3,250,spectralnorm
RSH,1867167635,spectralnorm_alt_3,250,spectralnorm
RSH,1875197029,spectralnorm_alt_3,250,spectralnorm
RSH,1871078900,spectralnorm_alt_3,250,spectralnorm
RSH,1871952488,spectralnorm_alt_3,250,spectralnorm
RSH,1969475363,spectralnorm_alt_3,250,spectralnorm
RSH,1959459555,spectralnorm_alt_3,250,spectralnorm
RSH,1896018740,spectralnorm_alt_3,250,spectralnorm
RSH,1993784495,spectralnorm_alt_3,250,spectralnorm
RBC,302261057,spectralnorm_alt,1500,spectralnorm
RBC,328946450,spectralnorm_alt,1500,spectralnorm
RBC,306900290,spectralnorm_alt,1500,spectralnorm
RBC,314723224,spectralnorm_alt,1500,spectralnorm
RBC,318203641,spectralnorm_alt,1500,spectralnorm
RBC,269209244,spectralnorm_alt,1500,spectralnorm
RBC,270236238,spectralnorm_alt,1500,spectralnorm
RBC,275520075,spectralnorm_alt,1500,spectralnorm
RBC,312746404,spectralnorm_alt,1500,spectralnorm
RBC,267440082,spectralnorm_alt,1500,spectralnorm
RBC,293478246,spectralnorm_alt,1500,spectralnorm
RBC,306774640,spectralnorm_alt,1500,spectralnorm
RBC,285315363,spectralnorm_alt,1500,spectralnorm
RBC,283939495,spectralnorm_alt,1500,spectralnorm
RBC,292686360,spectralnorm_alt,1500,spectralnorm
RSH,324480691,spectralnorm_alt,1500,spectralnorm
RSH,290135974,spectralnorm_alt,1500,spectralnorm
RSH,291785781,spectralnorm_alt,1500,spectralnorm
RSH,325411844,spectralnorm_alt,1500,spectralnorm
RSH,305540796,spectralnorm_alt,1500,spectralnorm
RSH,302805515,spectralnorm_alt,1500,spectralnorm
RSH,317832029,spectralnorm_alt,1500,spectralnorm
RSH,308241954,spectralnorm_alt,1500,spectralnorm
RSH,303397911,spectralnorm_alt,1500,spectralnorm
RSH,310016702,spectralnorm_alt,1500,spectralnorm
RSH,305464576,spectralnorm_alt,1500,spectralnorm
RSH,305515243,spectralnorm_alt,1500,spectralnorm
RSH,309354696,spectralnorm_alt,1500,spectralnorm
RSH,311603864,spectralnorm_alt,1500,spectralnorm
RSH,301207234,spectralnorm_alt,1500,spectralnorm
RBC,3384784148,spectralnorm_math,1200,spectralnorm
RBC,3446904804,spectralnorm_math,1200,spectralnorm
RBC,3385013622,spectralnorm_math,1200,spectralnorm
RBC,3458833076,spectralnorm_math,1200,spectralnorm
RBC,3795150684,spectralnorm_math,1200,spectralnorm
RBC,3665174774,spectralnorm_math,1200,spectralnorm
RBC,3778569641,spectralnorm_math,1200,spectralnorm
RBC,3370557351,spectralnorm_math,1200,spectralnorm
RBC,3472840916,spectralnorm_math,1200,spectralnorm
RBC,3538763208,spectralnorm_math,1200,spectralnorm
RBC,3556518009,spectralnorm_math,1200,spectralnorm
RBC,3419142592,spectralnorm_math,1200,spectralnorm
RBC,3294895319,spectralnorm_math,1200,spectralnorm
RBC,3388007815,spectralnorm_math,1200,spectralnorm
RBC,3338832250,spectralnorm_math,1200,spectralnorm
RSH,3369745475,spectralnorm_math,1200,spectralnorm
RSH,3614737581,spectralnorm_math,1200,spectralnorm
RSH,3573592765,spectralnorm_math,1200,spectralnorm
RSH,3564323816,spectralnorm_math,1200,spectralnorm
RSH,3411700217,spectralnorm_math,1200,spectralnorm
RSH,3345343764,spectralnorm_math,1200,spectralnorm
RSH,3368163899,spectralnorm_math,1200,spectralnorm
RSH,3440365948,spectralnorm_math,1200,spectralnorm
RSH,3420072484,spectralnorm_math,1200,spectralnorm
RSH,3340280839,spectralnorm_math,1200,spectralnorm
RSH,3407703642,spectralnorm_math,1200,spectralnorm
RSH,3350652756,spectralnorm_math,1200,spectralnorm
RSH,3366526211,spectralnorm_math,1200,spectralnorm
RSH,3413246978,spectralnorm_math,1200,spectralnorm
RSH,3404764590,spectralnorm_math,1200,spectralnorm
RBC,539919482,spectralnorm_naive,150,spectralnorm
RBC,553181218,spectralnorm_naive,150,spectralnorm
RBC,535621541,spectralnorm_naive,150,spectralnorm
RBC,524735223,spectralnorm_naive,150,spectralnorm
RBC,538934885,spectralnorm_naive,150,spectralnorm
RBC,536429001,spectralnorm_naive,150,spectralnorm
RBC,559043908,spectralnorm_naive,150,spectralnorm
RBC,534660278,spectralnorm_naive,150,spectralnorm
RBC,550382871,spectralnorm_naive,150,spectralnorm
RBC,545962752,spectralnorm_naive,150,spectralnorm
RBC,554870536,spectralnorm_naive,150,spectralnorm
RBC,550576972,spectralnorm_naive,150,spectralnorm
RBC,521604684,spectralnorm_naive,150,spectralnorm
RBC,593187002,spectralnorm_naive,150,spectralnorm
RBC,541176852,spectralnorm_naive,150,spectralnorm
RSH,617998810,spectralnorm_naive,150,spectralnorm
RSH,636372491,spectralnorm_naive,150,spectralnorm
RSH,604674604,spectralnorm_naive,150,spectralnorm
RSH,617685219,spectralnorm_naive,150,spectralnorm
RSH,627667111,spectralnorm_naive,150,spectralnorm
RSH,629791877,spectralnorm_naive,150,spectralnorm
RSH,624022856,spectralnorm_naive,150,spectralnorm
RSH,611596034,spectralnorm_naive,150,spectralnorm
RSH,614369059,spectralnorm_naive,150,spectralnorm
RSH,619708978,spectralnorm_naive,150,spectralnorm
RSH,630714443,spectralnorm_naive,150,spectralnorm
RSH,632989485,spectralnorm_naive,150,spectralnorm
RSH,620435641,spectralnorm_naive,150,spectralnorm
RSH,621556918,spectralnorm_naive,150,spectralnorm
RSH,657275322,spectralnorm_naive,150,spectralnorm
RBC,3206629640,spectralnorm,1200,spectralnorm
RBC,3177737974,spectralnorm,1200,spectralnorm
RBC,3107132617,spectralnorm,1200,spectralnorm
RBC,3176451019,spectralnorm,1200,spectralnorm
RBC,3115877704,spectralnorm,1200,spectralnorm
RBC,3118882464,spectralnorm,1200,spectralnorm
RBC,3276490391,spectralnorm,1200,spectralnorm
RBC,3187072602,spectralnorm,1200,spectralnorm
RBC,3212108119,spectralnorm,1200,spectralnorm
RBC,3151090155,spectralnorm,1200,spectralnorm
RBC,3168846924,spectralnorm,1200,spectralnorm
RBC,3139777977,spectralnorm,1200,spectralnorm
RBC,3151336224,spectralnorm,1200,spectralnorm
RBC,3234288820,spectralnorm,1200,spectralnorm
RBC,3126649995,spectralnorm,1200,spectralnorm
RSH,3686407263,spectralnorm,1200,spectralnorm
RSH,3755878948,spectralnorm,1200,spectralnorm
RSH,3741224528,spectralnorm,1200,spectralnorm
RSH,3691572258,spectralnorm,1200,spectralnorm
RSH,3766397184,spectralnorm,1200,spectralnorm
RSH,3734397535,spectralnorm,1200,spectralnorm
RSH,3789745082,spectralnorm,1200,spectralnorm
RSH,3707274186,spectralnorm,1200,spectralnorm
RSH,3727942727,spectralnorm,1200,spectralnorm
RSH,3688122707,spectralnorm,1200,spectralnorm
RSH,3759567605,spectralnorm,1200,spectralnorm
RSH,3735368672,spectralnorm,1200,spectralnorm
RSH,3697299576,spectralnorm,1200,spectralnorm
RSH,3702827364,spectralnorm,1200,spectralnorm
RSH,3746936452,spectralnorm,1200,spectralnorm
RBC,9380512,bytecodes,10000,simple
RBC,19479431,bytecodes,10000,simple
RBC,14203609,bytecodes,10000,simple
RBC,14155093,bytecodes,10000,simple
RBC,9547939,bytecodes,10000,simple
RBC,15015229,bytecodes,10000,simple
RBC,15228636,bytecodes,10000,simple
RBC,15107550,bytecodes,10000,simple
RBC,9104710,bytecodes,10000,simple
RBC,15020398,bytecodes,10000,simple
RBC,14378992,bytecodes,10000,simple
RBC,14277115,bytecodes,10000,simple
RBC,9004644,bytecodes,10000,simple
RBC,13067624,bytecodes,10000,simple
RBC,12875722,bytecodes,10000,simple
RSH,1842385,bytecodes,10000,simple
RSH,1841597,bytecodes,10000,simple
RSH,1816063,bytecodes,10000,simple
RSH,1833019,bytecodes,10000,simple
RSH,1856845,bytecodes,10000,simple
RSH,1823083,bytecodes,10000,simple
RSH,1835628,bytecodes,10000,simple
RSH,1848123,bytecodes,10000,simple
RSH,1831080,bytecodes,10000,simple
RSH,1822723,bytecodes,10000,simple
RSH,1806167,bytecodes,10000,simple
RSH,1837884,bytecodes,10000,simple
RSH,1835498,bytecodes,10000,simple
RSH,1818416,bytecodes,10000,simple
RSH,1828178,bytecodes,10000,simple
RBC,687310822,empty-for,100000000,simple
RBC,742997610,empty-for,100000000,simple
RBC,746504164,empty-for,100000000,simple
RBC,722381839,empty-for,100000000,simple
RBC,717554266,empty-for,100000000,simple
RBC,681778445,empty-for,100000000,simple
RBC,816849130,empty-for,100000000,simple
RBC,681804430,empty-for,100000000,simple
RBC,666174002,empty-for,100000000,simple
RBC,661299937,empty-for,100000000,simple
RBC,665667256,empty-for,100000000,simple
RBC,714798929,empty-for,100000000,simple
RBC,670622071,empty-for,100000000,simple
RBC,681954493,empty-for,100000000,simple
RBC,665865668,empty-for,100000000,simple
RSH,339603823,empty-for,100000000,simple
RSH,338753868,empty-for,100000000,simple
RSH,342760118,empty-for,100000000,simple
RSH,338908269,empty-for,100000000,simple
RSH,340116357,empty-for,100000000,simple
RSH,341648501,empty-for,100000000,simple
RSH,339032935,empty-for,100000000,simple
RSH,339453009,empty-for,100000000,simple
RSH,342202324,empty-for,100000000,simple
RSH,339104592,empty-for,100000000,simple
RSH,339802328,empty-for,100000000,simple
RSH,408201458,empty-for,100000000,simple
RSH,337966370,empty-for,100000000,simple
RSH,342045882,empty-for,100000000,simple
RSH,339391066,empty-for,100000000,simple
RBC,61545220,empty-while,2000000,simple
RBC,56619848,empty-while,2000000,simple
RBC,55230392,empty-while,2000000,simple
RBC,55093638,empty-while,2000000,simple
RBC,55342802,empty-while,2000000,simple
RBC,55876229,empty-while,2000000,simple
RBC,55930862,empty-while,2000000,simple
RBC,56278592,empty-while,2000000,simple
RBC,60028744,empty-while,2000000,simple
RBC,61376247,empty-while,2000000,simple
RBC,55937866,empty-while,2000000,simple
RBC,55635963,empty-while,2000000,simple
RBC,56020508,empty-while,2000000,simple
RBC,55628175,empty-while,2000000,simple
RBC,57582036,empty-while,2000000,simple
RSH,48886224,empty-while,2000000,simple
RSH,46396074,empty-while,2000000,simple
RSH,46404650,empty-while,2000000,simple
RSH,50344163,empty-while,2000000,simple
RSH,46731098,empty-while,2000000,simple
RSH,50402580,empty-while,2000000,simple
RSH,46496526,empty-while,2000000,simple
RSH,46245420,empty-while,2000000,simple
RSH,46412352,empty-while,2000000,simple
RSH,46867440,empty-while,2000000,simple
RSH,47801429,empty-while,2000000,simple
RSH,48501826,empty-while,2000000,simple
RSH,46954436,empty-while,2000000,simple
RSH,48904541,empty-while,2000000,simple
RSH,46893692,empty-while,2000000,simple
RBC,1174959085,lapply-dots,1000000,simple
RBC,1434414958,lapply-dots,1000000,simple
RBC,1289508836,lapply-dots,1000000,simple
RBC,1548618995,lapply-dots,1000000,simple
RBC,1561260117,lapply-dots,1000000,simple
RBC,1530135590,lapply-dots,1000000,simple
RBC,1311534951,lapply-dots,1000000,simple
RBC,1695605656,lapply-dots,1000000,simple
RBC,1556381685,lapply-dots,1000000,simple
RBC,1499506671,lapply-dots,1000000,simple
RBC,1344349453,lapply-dots,1000000,simple
RBC,1490375180,lapply-dots,1000000,simple
RBC,1478295989,lapply-dots,1000000,simple
RBC,1510989479,lapply-dots,1000000,simple
RBC,1430484088,lapply-dots,1000000,simple
RSH,1593937830,lapply-dots,1000000,simple
RSH,1405918688,lapply-dots,1000000,simple
RSH,1470565089,lapply-dots,1000000,simple
RSH,1442117397,lapply-dots,1000000,simple
RSH,1377259027,lapply-dots,1000000,simple
RSH,1529154629,lapply-dots,1000000,simple
RSH,1475261804,lapply-dots,1000000,simple
RSH,1483729126,lapply-dots,1000000,simple
RSH,1366247627,lapply-dots,1000000,simple
RSH,1432511258,lapply-dots,1000000,simple
RSH,1407440929,lapply-dots,1000000,simple
RSH,1457222722,lapply-dots,1000000,simple
RSH,1414178358,lapply-dots,1000000,simple
RSH,1300555947,lapply-dots,1000000,simple
RSH,1429060691,lapply-dots,1000000,simple
RBC,992235931,lapply,1000000,simple
RBC,1278189982,lapply,1000000,simple
RBC,1167776392,lapply,1000000,simple
RBC,1294492454,lapply,1000000,simple
RBC,1278061973,lapply,1000000,simple
RBC,968959406,lapply,1000000,simple
RBC,962771279,lapply,1000000,simple
RBC,918829670,lapply,1000000,simple
RBC,1298805888,lapply,1000000,simple
RBC,1381375036,lapply,1000000,simple
RBC,1239939280,lapply,1000000,simple
RBC,1001540283,lapply,1000000,simple
RBC,1039324087,lapply,1000000,simple
RBC,1075093808,lapply,1000000,simple
RBC,1238368263,lapply,1000000,simple
RSH,1227274038,lapply,1000000,simple
RSH,967212875,lapply,1000000,simple
RSH,977026747,lapply,1000000,simple
RSH,917285378,lapply,1000000,simple
RSH,1098751505,lapply,1000000,simple
RSH,1378828079,lapply,1000000,simple
RSH,1251554344,lapply,1000000,simple
RSH,1275292762,lapply,1000000,simple
RSH,1338839986,lapply,1000000,simple
RSH,1277885051,lapply,1000000,simple
RSH,1105747884,lapply,1000000,simple
RSH,1335838689,lapply,1000000,simple
RSH,1279837524,lapply,1000000,simple
RSH,951688426,lapply,1000000,simple
RSH,977076564,lapply,1000000,simple
RBC,517011949,list-for,500000,simple
RBC,629008276,list-for,500000,simple
RBC,739119507,list-for,500000,simple
RBC,672895061,list-for,500000,simple
RBC,623220561,list-for,500000,simple
RBC,687874843,list-for,500000,simple
RBC,551516166,list-for,500000,simple
RBC,575536303,list-for,500000,simple
RBC,714964059,list-for,500000,simple
RBC,892444573,list-for,500000,simple
RBC,700023055,list-for,500000,simple
RBC,519591968,list-for,500000,simple
RBC,614433262,list-for,500000,simple
RBC,727973884,list-for,500000,simple
RBC,535445262,list-for,500000,simple
RSH,619839140,list-for,500000,simple
RSH,681570061,list-for,500000,simple
RSH,745420064,list-for,500000,simple
RSH,729391402,list-for,500000,simple
RSH,751763828,list-for,500000,simple
RSH,620413299,list-for,500000,simple
RSH,737307614,list-for,500000,simple
RSH,664251407,list-for,500000,simple
RSH,757704779,list-for,500000,simple
RSH,695116799,list-for,500000,simple
RSH,695147634,list-for,500000,simple
RSH,749781128,list-for,500000,simple
RSH,757864554,list-for,500000,simple
RSH,754841307,list-for,500000,simple
RSH,748910460,list-for,500000,simple
RBC,478538157,list-while,500000,simple
RBC,613450642,list-while,500000,simple
RBC,819079471,list-while,500000,simple
RBC,703720394,list-while,500000,simple
RBC,695935296,list-while,500000,simple
RBC,714113352,list-while,500000,simple
RBC,541455238,list-while,500000,simple
RBC,604255064,list-while,500000,simple
RBC,780980430,list-while,500000,simple
RBC,947031398,list-while,500000,simple
RBC,754501431,list-while,500000,simple
RBC,573975841,list-while,500000,simple
RBC,618405276,list-while,500000,simple
RBC,775736110,list-while,500000,simple
RBC,544765131,list-while,500000,simple
RSH,615587828,list-while,500000,simple
RSH,714080546,list-while,500000,simple
RSH,737076519,list-while,500000,simple
RSH,791475695,list-while,500000,simple
RSH,734581730,list-while,500000,simple
RSH,710068646,list-while,500000,simple
RSH,814131952,list-while,500000,simple
RSH,697385258,list-while,500000,simple
RSH,785719089,list-while,500000,simple
RSH,745143782,list-while,500000,simple
RSH,738494443,list-while,500000,simple
RSH,855951508,list-while,500000,simple
RSH,807853532,list-while,500000,simple
RSH,811361580,list-while,500000,simple
RSH,827572423,list-while,500000,simple
RBC,267923774,matrix-for,2000,simple
RBC,234899630,matrix-for,2000,simple
RBC,234879390,matrix-for,2000,simple
RBC,225399638,matrix-for,2000,simple
RBC,228019863,matrix-for,2000,simple
RBC,223414047,matrix-for,2000,simple
RBC,225956771,matrix-for,2000,simple
RBC,226332823,matrix-for,2000,simple
RBC,224441969,matrix-for,2000,simple
RBC,227515397,matrix-for,2000,simple
RBC,225919269,matrix-for,2000,simple
RBC,227262465,matrix-for,2000,simple
RBC,224920473,matrix-for,2000,simple
RBC,228900411,matrix-for,2000,simple
RBC,225918462,matrix-for,2000,simple
RSH,210552627,matrix-for,2000,simple
RSH,209299255,matrix-for,2000,simple
RSH,208126878,matrix-for,2000,simple
RSH,238227220,matrix-for,2000,simple
RSH,209457928,matrix-for,2000,simple
RSH,217935151,matrix-for,2000,simple
RSH,209311711,matrix-for,2000,simple
RSH,212199354,matrix-for,2000,simple
RSH,207064401,matrix-for,2000,simple
RSH,208534324,matrix-for,2000,simple
RSH,209033684,matrix-for,2000,simple
RSH,209658303,matrix-for,2000,simple
RSH,212020102,matrix-for,2000,simple
RSH,209133390,matrix-for,2000,simple
RSH,211263550,matrix-for,2000,simple
RBC,4038513253,scalar-for,100000000,simple
RBC,3980364849,scalar-for,100000000,simple
RBC,4062456540,scalar-for,100000000,simple
RBC,4112569150,scalar-for,100000000,simple
RBC,4017368675,scalar-for,100000000,simple
RBC,4107239944,scalar-for,100000000,simple
RBC,3993913933,scalar-for,100000000,simple
RBC,4060366991,scalar-for,100000000,simple
RBC,4074187120,scalar-for,100000000,simple
RBC,3960945483,scalar-for,100000000,simple
RBC,4073235061,scalar-for,100000000,simple
RBC,4145336163,scalar-for,100000000,simple
RBC,4048752299,scalar-for,100000000,simple
RBC,4071426080,scalar-for,100000000,simple
RBC,4045791256,scalar-for,100000000,simple
RSH,945269724,scalar-for,100000000,simple
RSH,948347044,scalar-for,100000000,simple
RSH,958403812,scalar-for,100000000,simple
RSH,946709847,scalar-for,100000000,simple
RSH,943095548,scalar-for,100000000,simple
RSH,944542550,scalar-for,100000000,simple
RSH,950356281,scalar-for,100000000,simple
RSH,946587153,scalar-for,100000000,simple
RSH,1016440274,scalar-for,100000000,simple
RSH,948903174,scalar-for,100000000,simple
RSH,945989192,scalar-for,100000000,simple
RSH,947283227,scalar-for,100000000,simple
RSH,946008527,scalar-for,100000000,simple
RSH,991321438,scalar-for,100000000,simple
RSH,945773859,scalar-for,100000000,simple
RBC,1646510821,scalar-while,25000000,simple
RBC,1648729418,scalar-while,25000000,simple
RBC,1601534276,scalar-while,25000000,simple
RBC,1655159958,scalar-while,25000000,simple
RBC,1642674682,scalar-while,25000000,simple
RBC,1559898566,scalar-while,25000000,simple
RBC,1614292655,scalar-while,25000000,simple
RBC,1609770530,scalar-while,25000000,simple
RBC,1598475210,scalar-while,25000000,simple
RBC,1703457849,scalar-while,25000000,simple
RBC,1559740177,scalar-while,25000000,simple
RBC,1659270122,scalar-while,25000000,simple
RBC,1629851806,scalar-while,25000000,simple
RBC,1546598746,scalar-while,25000000,simple
RBC,1593153364,scalar-while,25000000,simple
RSH,734820514,scalar-while,25000000,simple
RSH,735098465,scalar-while,25000000,simple
RSH,727011759,scalar-while,25000000,simple
RSH,768791099,scalar-while,25000000,simple
RSH,733018029,scalar-while,25000000,simple
RSH,731328706,scalar-while,25000000,simple
RSH,730741228,scalar-while,25000000,simple
RSH,739643811,scalar-while,25000000,simple
RSH,733210836,scalar-while,25000000,simple
RSH,729009551,scalar-while,25000000,simple
RSH,766635144,scalar-while,25000000,simple
RSH,729168168,scalar-while,25000000,simple
RSH,778322210,scalar-while,25000000,simple
RSH,740896622,scalar-while,25000000,simple
RSH,734498514,scalar-while,25000000,simple
RBC,510587014,super-while,2000000,simple
RBC,507405152,super-while,2000000,simple
RBC,542631723,super-while,2000000,simple
RBC,554600499,super-while,2000000,simple
RBC,519697304,super-while,2000000,simple
RBC,500509007,super-while,2000000,simple
RBC,505419114,super-while,2000000,simple
RBC,497745281,super-while,2000000,simple
RBC,511248640,super-while,2000000,simple
RBC,503150050,super-while,2000000,simple
RBC,502045234,super-while,2000000,simple
RBC,511078169,super-while,2000000,simple
RBC,513804945,super-while,2000000,simple
RBC,497302851,super-while,2000000,simple
RBC,499428464,super-while,2000000,simple
RSH,252674118,super-while,2000000,simple
RSH,243186612,super-while,2000000,simple
RSH,243828554,super-while,2000000,simple
RSH,282679367,super-while,2000000,simple
RSH,236246790,super-while,2000000,simple
RSH,232349813,super-while,2000000,simple
RSH,242783692,super-while,2000000,simple
RSH,253236204,super-while,2000000,simple
RSH,241143459,super-while,2000000,simple
RSH,232796694,super-while,2000000,simple
RSH,239751694,super-while,2000000,simple
RSH,269804525,super-while,2000000,simple
RSH,241932767,super-while,2000000,simple
RSH,245190587,super-while,2000000,simple
RSH,247281696,super-while,2000000,simple
RBC,567079182,vector-for,15000000,simple
RBC,565382758,vector-for,15000000,simple
RBC,549271221,vector-for,15000000,simple
RBC,561865410,vector-for,15000000,simple
RBC,570684828,vector-for,15000000,simple
RBC,592398176,vector-for,15000000,simple
RBC,571117504,vector-for,15000000,simple
RBC,551998708,vector-for,15000000,simple
RBC,624414958,vector-for,15000000,simple
RBC,547591169,vector-for,15000000,simple
RBC,568674639,vector-for,15000000,simple
RBC,556453162,vector-for,15000000,simple
RBC,559804488,vector-for,15000000,simple
RBC,551367722,vector-for,15000000,simple
RBC,549455937,vector-for,15000000,simple
RSH,451515573,vector-for,15000000,simple
RSH,456538037,vector-for,15000000,simple
RSH,465298031,vector-for,15000000,simple
RSH,451291070,vector-for,15000000,simple
RSH,488291760,vector-for,15000000,simple
RSH,451551389,vector-for,15000000,simple
RSH,449392734,vector-for,15000000,simple
RSH,450914345,vector-for,15000000,simple
RSH,448839371,vector-for,15000000,simple
RSH,458488538,vector-for,15000000,simple
RSH,520499641,vector-for,15000000,simple
RSH,453650052,vector-for,15000000,simple
RSH,457901059,vector-for,15000000,simple
RSH,446203597,vector-for,15000000,simple
RSH,460177023,vector-for,15000000,simple
RBC,1275231893,vector-while,20000000,simple
RBC,1227900857,vector-while,20000000,simple
RBC,1296017521,vector-while,20000000,simple
RBC,1277601305,vector-while,20000000,simple
RBC,1247494683,vector-while,20000000,simple
RBC,1234020072,vector-while,20000000,simple
RBC,1235054705,vector-while,20000000,simple
RBC,1241769642,vector-while,20000000,simple
RBC,1220404750,vector-while,20000000,simple
RBC,1234490131,vector-while,20000000,simple
RBC,1233364008,vector-while,20000000,simple
RBC,1244636168,vector-while,20000000,simple
RBC,1219962811,vector-while,20000000,simple
RBC,1217503379,vector-while,20000000,simple
RBC,1223309841,vector-while,20000000,simple
RSH,1039967155,vector-while,20000000,simple
RSH,1075875459,vector-while,20000000,simple
RSH,1044652749,vector-while,20000000,simple
RSH,1054872858,vector-while,20000000,simple
RSH,1050648300,vector-while,20000000,simple
RSH,1053363997,vector-while,20000000,simple
RSH,1054174345,vector-while,20000000,simple
RSH,1099404333,vector-while,20000000,simple
RSH,1059627271,vector-while,20000000,simple
RSH,1096135619,vector-while,20000000,simple
RSH,1074552477,vector-while,20000000,simple
RSH,1058631907,vector-while,20000000,simple
RSH,1084850246,vector-while,20000000,simple
RSH,1053120034,vector-while,20000000,simple
RSH,1054789255,vector-while,20000000,simple
